<?xml version="1.0" encoding="utf-8"?>
<!--
/**
 * @copyright	Copyright (c) 2013 Skyline Software (http://extstore.com). All rights reserved.
 * @license		GNU General Public License version 2 or later; see LICENSE.txt
 */
-->
<extension type="plugin" version="1.7" group="system" method="upgrade">
	<name>plg_system_sl_fbcomments</name>
	<author>Pham Minh Tuan</author>
	<creationDate>December 2011</creationDate>
	<copyright>Copyright (c) 2013 Skyline. All rights reserved.</copyright>
	<authorEmail> (admin@extstore.com)</authorEmail>
	<authorUrl>http://extstore.com</authorUrl>
	<version>1.5.0</version>
	<description>
	<![CDATA[
		Skyline Facebook Comments Plugin for Joomla 1.7<br /><br />Developed by Skyline Software (<a target="_blank" href="http://extstore.com">http://extstore.com</a>).
	]]>
	</description>

	<files>
		<filename plugin="sl_fbcomments">sl_fbcomments.php</filename>
		<filename>index.html</filename>
	</files>

	<languages>
		<language tag="en-GB">en-GB.plg_system_sl_fbcomments.ini</language>
		<language tag="en-GB">en-GB.plg_system_sl_fbcomments.sys.ini</language>
	</languages>

	<config>
		<fields name="params">
			<fieldset name="basic">
				<field
					name="enable"
					type="radio"
					class="btn-group"
					default="1"
					label="PLG_SL_FBCOMMENTS_FIELD_ENABLE_LABEL"
					description="PLG_SL_FBCOMMENTS_FIELD_ENABLE_DESC"
				>
					<option value="1">JYES</option>
					<option value="0">JNO</option>
				</field>

				<field
					name="app_id"
					type="text"
					default=""
					size="40"
					label="PLG_SL_FBCOMMENTS_FIELD_APP_ID_LABEL"
					description="PLG_SL_FBCOMMENTS_FIELD_APP_ID_DESC"
				/>

				<field
					name="width"
					type="text"
					default="500"
					size="20"
					label="PLG_SL_FBCOMMENTS_FIELD_WIDTH_LABEL"
					description="PLG_SL_FBCOMMENTS_FIELD_WIDTH_DESC"
				/>

				<field
					name="num_posts"
					type="text"
					default="10"
					size="20"
					label="PLG_SL_FBCOMMENTS_FIELD_NUMPOSTS_LABEL"
					description="PLG_SL_FBCOMMENTS_FIELD_NUMPOSTS_DESC"
				/>

				<field
					name="colorscheme"
					type="list"
					default="light"
					label="PLG_SL_FBCOMMENTS_FIELD_COLORSCHEME_LABEL"
					description="PLG_SL_FBCOMMENTS_FIELD_COLORSCHEME_DESC"
				>
					<option value="light">PLG_SL_FBCOMMENTS_FIELD_COLORSCHEME_LIGHT</option>
					<option value="dark">PLG_SL_FBCOMMENTS_FIELD_COLORSCHEME_DARK</option>
				</field>
			</fieldset>

			<fieldset name="PLG_SL_FBCOMMENTS_FIELDSET_EMAIL_NOTIFICATION">
				<field
					name="recipient"
					type="text"
					size="40"
					label="PLG_SL_FBCOMMENTS_FIELD_RECIPIENT_LABEL"
					description="PLG_SL_FBCOMMENTS_FIELD_RECIPIENT_DESC"
					default=""
				/>

				<field
					name="email_subject"
					type="text"
					size="40"
					label="PLG_SL_FBCOMMENTS_FIELD_EMAIL_SUBJECT_LABEL"
					description="PLG_SL_FBCOMMENTS_FIELD_EMAIL_SUBJECT_DESC"
					default="New Comment Alert"
				/>

				<field
					name="email_body"
					type="textarea"
					cols="40" rows="5"
					label="PLG_SL_FBCOMMENTS_FIELD_EMAIL_BODY_LABEL"
					description="PLG_SL_FBCOMMENTS_FIELD_EMAIL_BODY_DESC"
					default="A new comment is posted on your website: {href}"
				/>
			</fieldset>
		</fields>
	</config>
</extension>